amino_acid,codon,relative_frequency
*,UAA,0.49
*,UAG,0.23
*,UGA,0.28
A,GCA,0.31
A,GCC,0.21
A,GCG,0.16
A,GCU,0.31
C,UGC,0.48
C,UGU,0.52
D,GAC,0.36
D,GAU,0.64
E,GAA,0.66
E,GAG,0.34
F,UUC,0.53
F,UUU,0.47
G,GGA,0.39
G,GGC,0.21
G,GGG,0.12
G,GGU,0.28
H,CAC,0.37
H,CAU,0.63
I,AUA,0.28
I,AUC,0.28
I,AUU,0.44
K,AAA,0.61
K,AAG,0.39
L,CUA,0.13
L,CUC,0.11
L,CUG,0.15
L,CUU,0.17
L,UUA,0.19
L,UUG,0.24
M,AUG,1.0
N,AAC,0.38
N,AAU,0.62
P,CCA,0.4
P,CCC,0.15
P,CCG,0.2
P,CCU,0.25
Q,CAA,0.65
Q,CAG,0.35
R,AGA,0.19
R,AGG,0.12
R,CGA,0.24
R,CGC,0.13
R,CGG,0.12
R,CGU,0.2
S,AGC,0.14
S,AGU,0.2
S,UCA,0.24
S,UCC,0.12
S,UCG,0.16
S,UCU,0.14
T,ACA,0.35
T,ACC,0.19
T,ACG,0.19
T,ACU,0.26
V,GUA,0.21
V,GUC,0.19
V,GUG,0.24
V,GUU,0.35
W,UGG,1.0
Y,UAC,0.45
Y,UAU,0.56
