amino_acid,codon,BSF
*,UAA,0.483
*,UAG,0.238
*,UGA,0.279
A,GCA,0.319
A,GCC,0.212
A,GCG,0.155
A,GCU,0.314
C,UGC,0.468
C,UGU,0.532
D,GAC,0.34
D,GAU,0.66
E,GAA,0.67
E,GAG,0.33
F,UUC,0.534
F,UUU,0.466
G,GGA,0.383
G,GGC,0.211
G,GGG,0.108
G,GGU,0.298
H,CAC,0.351
H,CAU,0.649
I,AUA,0.285
I,AUC,0.272
I,AUU,0.443
K,AAA,0.621
K,AAG,0.379
L,CUA,0.131
L,CUC,0.108
L,CUG,0.146
L,CUU,0.17
L,UUA,0.204
L,UUG,0.241
M,AUG,1
N,AAC,0.361
N,AAU,0.639
P,CCA,0.419
P,CCC,0.143
P,CCG,0.194
P,CCU,0.244
Q,CAA,0.66
Q,CAG,0.34
R,AGA,0.187
R,AGG,0.112
R,CGA,0.247
R,CGC,0.129
R,CGG,0.108
R,CGU,0.217
S,AGC,0.135
S,AGU,0.203
S,UCA,0.245
S,UCC,0.117
S,UCG,0.117
S,UCU,0.142
T,ACA,0.37
T,ACC,0.186
T,ACG,0.186
T,ACU,0.258
V,GUA,0.218
V,GUC,0.187
V,GUG,0.236
V,GUU,0.359
W,UGG,1
Y,UAC,0.433
Y,UAU,0.567
